preprocessing,param_mlp__hidden_layer_sizes,param_mlp__alpha,mean_train_score,mean_test_score,std_test_score,rank_test_score
Scaling (all 16 features),"(64, 32)",0.01,0.9603145513058319,0.9205490885906805,0.008172094418613145,1
Scaling (all 16 features),"(64, 32)",0.0001,0.9605637030411472,0.9197955910519212,0.007095883376944047,2
Scaling (all 16 features),"(64,)",0.01,0.9425953482289818,0.9117056760519026,0.009316600106194603,3
Scaling (all 16 features),"(64,)",0.0001,0.9403697965705099,0.9096561056178256,0.0031147481392920324,4
Scaling + PCA (12 components),"(64, 32)",0.01,0.9400152411515557,0.8948560938003025,0.011609679038456649,5
Scaling + PCA (12 components),"(64, 32)",0.0001,0.9354206369321443,0.8933011055422281,0.011713675434279945,6
Scaling + PCA (12 components),"(64,)",0.01,0.9264703971214512,0.8906813328083019,0.011056462424792895,7
Scaling + PCA (12 components),"(64,)",0.0001,0.9195676265162452,0.8857512459703425,0.01348458297462241,8
MI selection (10 features) + scaling,"(64, 32)",0.01,0.9161248989434506,0.8841172173540505,0.009082882027061957,9
Scaling (all 16 features),"(32,)",0.01,0.9047869855846606,0.8812618582649285,0.006462423897513327,10
MI selection (10 features) + scaling,"(64, 32)",0.0001,0.9110955484346812,0.8807041640740276,0.008375296875729975,11
Scaling (all 16 features),"(32,)",0.0001,0.9001957091758049,0.8768389817623568,0.008029945413765026,12
MI selection (10 features) + scaling,"(64,)",0.01,0.8983629152891458,0.8715834825213442,0.007152200310870251,13
MI selection (10 features) + scaling,"(64,)",0.0001,0.8932660096700549,0.8690274508364967,0.006443897902156586,14
Scaling + PCA (12 components),"(32,)",0.0001,0.8563748657210359,0.8320979294106874,0.008535574437396012,15
Scaling + PCA (12 components),"(32,)",0.01,0.8503857175587717,0.8276156236916432,0.011747906212659774,16
MI selection (10 features) + scaling,"(32,)",0.01,0.8455047131340597,0.8274244929563919,0.01059166053432679,17
MI selection (10 features) + scaling,"(32,)",0.0001,0.8472631473348493,0.8270038953785896,0.007724092098953791,18
