,precision,recall,f1-score,support
A,0.9933774834437086,0.9933774834437086,0.9933774834437086,151.0
B,0.9032258064516129,0.958904109589041,0.9302325581395349,146.0
C,0.972027972027972,0.9788732394366197,0.9754385964912281,142.0
D,0.9426751592356688,0.9736842105263158,0.9579288025889967,152.0
E,0.9591836734693877,0.9724137931034482,0.9657534246575342,145.0
F,0.9798657718120806,0.9733333333333334,0.9765886287625418,150.0
G,0.948051948051948,0.9798657718120806,0.9636963696369637,149.0
H,0.948905109489051,0.9219858156028369,0.935251798561151,141.0
I,0.99,0.9428571428571428,0.9658536585365853,105.0
J,0.9591836734693877,0.986013986013986,0.9724137931034482,143.0
K,0.9466666666666667,0.9861111111111112,0.9659863945578231,144.0
L,1.0,0.9626865671641791,0.9809885931558935,134.0
M,0.993006993006993,0.9726027397260274,0.9826989619377162,146.0
N,0.9852941176470589,0.9710144927536232,0.9781021897810219,138.0
O,0.9784172661870504,0.9444444444444444,0.9611307420494699,144.0
P,0.9745222929936306,0.9807692307692307,0.9776357827476039,156.0
Q,0.9673202614379085,0.9736842105263158,0.9704918032786886,152.0
R,0.9455782312925171,0.9455782312925171,0.9455782312925171,147.0
S,0.9795918367346939,0.9863013698630136,0.9829351535836177,146.0
T,1.0,0.98,0.98989898989899,150.0
U,0.9806451612903225,0.987012987012987,0.9838187702265372,154.0
V,0.9857142857142858,0.9787234042553191,0.9822064056939501,141.0
W,1.0,0.9862068965517241,0.9930555555555556,145.0
X,0.9850746268656716,0.9705882352941176,0.9777777777777777,136.0
Y,0.9866666666666667,0.9932885906040269,0.9899665551839465,149.0
Z,1.0,0.96875,0.9841269841269841,128.0
accuracy,0.9724156400642743,0.9724156400642743,0.9724156400642743,0.9724156400642743
macro avg,0.9732690386136263,0.9718873614264288,0.9724205386449919,3734.0
weighted avg,0.9728560528302074,0.9724156400642743,0.9724845010847195,3734.0
